{
    "package_version": "1.0",
    "id": "a40d17ea-a909-425c-a9c6-3e2051d79c10",
    "type": "client-app",
    "name": "Data Sync",
    "description": "DataSyncing with Salesforce",
    "minimum_version": "0070300000",
    "icon_16": "extension-16.png",
    "icon_48": "extension-48.png",
    "icon_128": "extension-128.png",
    "released_on": "2013-03-08T19:11:11.234Z",
    "register_url": "%serviceURL%/jive/oauth/register",
    "unregister_url": "%serviceURL%/jive/oauth/unregister",
    "service_url": "https://wiley.grazconnect.com:1600",
    "redirect_url": "%serviceURL%"
}